<!DOCTYPE maps SYSTEM "../../../lib/tools/dtd/MapsDefinition2.0.dtd">
<maps>
  <map>
    <map-name>ExifPropertiesMap</map-name>
    <schema>
      <schema-major>1</schema-major>
      <schema-minor>0</schema-minor>
    </schema>
    <member>
      <member-name>property</member-name>
      <member-type>STRING</member-type>
      <member-size>MEDIUM</member-size>
    </member>
    <member>
      <member-name>viewMode</member-name>
      <member-type>INTEGER</member-type>
      <member-size>LARGE</member-size>
    </member>
    <member>
      <member-name>sequence</member-name>
      <member-type>INTEGER</member-type>
      <member-size>LARGE</member-size>
    </member>
    <key>
      <member-name>property</member-name>
      <member-name>viewMode</member-name>
    </key>
  </map>
</maps>
