<?xml version="1.0" encoding="utf-8"?>
<!DOCTYPE table
  SYSTEM "../../../../../lib/tools/dtd/DatabaseTableDefinition2.0.dtd">
<table>
  <table-name>Schema</table-name>
  <schema>
    <schema-major>1</schema-major>
    <schema-minor>0</schema-minor>
  </schema>
  <column>
    <column-name>name</column-name>
    <column-type>STRING</column-type>
    <column-size>MEDIUM</column-size>
    <not-null/>
  </column>
  <column>
    <column-name>major</column-name>
    <column-type>INTEGER</column-type>
    <column-size>MEDIUM</column-size>
    <not-null/>
  </column>
  <column>
    <column-name>minor</column-name>
    <column-type>INTEGER</column-type>
    <column-size>MEDIUM</column-size>
    <not-null/>
  </column>
  <key primary="true">
    <column-name>name</column-name>
  </key>
</table>
